<?xml version="1.0" encoding="UTF-8"?>
<!DOCTYPE mapper PUBLIC "-//mybatis.org//DTD Mapper 3.0//EN" "http://mybatis.org/dtd/mybatis-3-mapper.dtd">
<mapper namespace="com.demo.wms.mapper.RecordMapper">
    <select id="pageCC" resultType="com.demo.wms.entity.RecordRes">
               select a.*,b.name worksname,c.name coursename,d.name workstypename,
               (select u.name from user u where u.id=a.userid)username,
               (select u.name from user u where u.id=a.admin_id)adminname
               from record a ,works b,course c,workstype d
               ${ew.customSqlSegment}
    </select>
    <!-- 通用查询映射结果 -->
    <resultMap id="BaseResultMap" type="com.demo.wms.entity.Record">
        <id column="id" property="id" />
        <result column="works" property="works" />
        <result column="userId" property="userid" />
        <result column="admin_id" property="adminId" />
        <result column="count" property="count" />
        <result column="createtime" property="createtime" />
        <result column="remark" property="remark" />
    </resultMap>

    <!-- 通用查询结果列 -->
    <sql id="Base_Column_List">
        id, works, userId, admin_id, count, createtime, remark
    </sql>

</mapper>
