<?xml version="1.0" encoding="UTF-8"?>
<!DOCTYPE mapper PUBLIC "-//mybatis.org//DTD Mapper 3.0//EN" "http://mybatis.org/dtd/mybatis-3-mapper.dtd">
<mapper namespace="com.demo.wms.mapper.WorksMapper">
    <select id="pageCC" resultType="com.demo.wms.entity.Works">
        select * from works ${ew.customSqlSegment}
    </select>
    <!-- 通用查询映射结果 -->
    <resultMap id="BaseResultMap" type="com.demo.wms.entity.Works">
        <id column="id" property="id" />
        <result column="name" property="name" />
        <result column="course" property="course" />
        <result column="worksType" property="workstype" />
        <result column="count" property="count" />
        <result column="remark" property="remark" />
    </resultMap>

    <!-- 通用查询结果列 -->
    <sql id="Base_Column_List">
        id, name, course, worksType, count, remark
    </sql>

</mapper>
